lat,lng,alt,snr
-33.9887,18.6083,610,39.7
-33.9888,18.6084,613.8,39.7
-33.989,18.6084,618.3,37
-33.9891,18.6085,622.1,38
-33.9891,18.6085,625,38
-33.9892,18.6085,629.7,35.8
-33.9893,18.6085,634.2,36.3
-33.9894,18.6086,638.2,36.3
-33.9894,18.6087,641.8,33.1
-33.9895,18.6087,645.4,35.5
-33.9896,18.6088,650.8,35.5
-33.9898,18.6089,655.6,33.4
-33.9899,18.609,660.5,37
-33.99,18.609,664.9,37
-33.9901,18.6091,668.4,36.5
-33.9902,18.6091,673.8,36.5
-33.9903,18.6091,678.4,37.2
-33.9904,18.6091,682.9,33.5
-33.9904,18.6091,686.8,36.6
-33.9905,18.6092,691.8,39.2
-33.9906,18.6092,696.5,39.2
-33.9907,18.6093,701.1,39.7
-33.9908,18.6093,705.5,40.3
-33.9909,18.6093,709.8,42.9
-33.991,18.6094,714.4,42.9
-33.9911,18.6094,718.5,42
-33.9911,18.6094,724.3,37.2
-33.9914,18.6096,735.4,39.8
-33.9915,18.6096,740,39.8
-33.9916,18.6096,744.6,41.2
-33.9919,18.6097,754.5,41
-33.992,18.6097,760.7,41.6
-33.9921,18.6098,765.4,41.6
-33.9923,18.6099,775.6,38.9
-33.9924,18.6099,780.3,39.5
-33.9926,18.6099,785.8,42.2
-33.9927,18.6099,790.4,42.2
-33.9928,18.6099,797.6,41.2
-33.9929,18.6099,802.1,41.2
-33.993,18.61,807.1,41.2
-33.9931,18.61,812.1,40.7
-33.9932,18.6101,816.8,38.3
-33.9934,18.6101,822.2,40.5
-33.9935,18.6102,827,40.5
-33.9936,18.6102,833.7,40.1
-33.9937,18.6102,839.7,41.2
-33.9938,18.6102,845.4,41.2
-33.9939,18.6103,851.1,40.4
-33.994,18.6103,856.1,40.4
-33.9942,18.6104,861.1,39.3
-33.9943,18.6104,866.5,40.8
-33.9944,18.6105,871.5,42.6
-33.9946,18.6105,876.7,42.6
-33.9949,18.6105,888.5,42.8
-33.995,18.6104,894.1,43.9
-33.9952,18.6104,904.6,42.4
-33.9953,18.6105,909,42.1
-33.9954,18.6105,913.3,39.5
-33.9955,18.6105,921.7,39.7
-33.9957,18.6105,927,42.7
-33.9958,18.6105,932.4,43.4
-33.996,18.6106,943.6,42.7
-33.9962,18.6107,947.5,42.5
-33.9964,18.6108,956.9,42.8
-33.9966,18.6108,963.7,43.8
-33.9967,18.6108,969.5,43.8
-33.9969,18.6108,981.3,41.7
-33.997,18.6108,986.5,41.7
-33.9972,18.6109,990.9,38.9
-33.9973,18.6109,994.5,39.8
-33.9974,18.6108,998.1,39.8
-33.9975,18.6108,1001,39.6
-33.9976,18.6108,1004.3,36.9
-33.9977,18.6109,1008.4,36.9
-33.9978,18.6109,1013,37
-33.9979,18.611,1018.7,38.5
-33.9981,18.611,1024.2,38.5
-33.9982,18.611,1029,37.4
-33.9983,18.611,1033.7,38.9
-33.9985,18.611,1043.2,29.1
-33.9986,18.611,1048,27.9
-33.9987,18.611,1053.3,34.2
-33.999,18.611,1062.6,38.2
-33.9991,18.611,1067.2,39.3
-33.9992,18.611,1070,39.3
-33.9993,18.6111,1073.8,38.7
-33.9994,18.6111,1077.8,39.3
-33.9995,18.6112,1082.1,39.3
-33.9996,18.6112,1086.2,40.7
-33.9997,18.6112,1091,41
-33.9998,18.6112,1096.8,41
-34,18.6112,1102.3,39.3
-34.0002,18.6112,1111.2,40.4
-34.0004,18.6112,1115.1,40.4
-34.0005,18.6113,1120.1,38.8
-34.0006,18.6113,1125.8,39.6
-34.0008,18.6114,1130.5,39.6
-34.0009,18.6114,1134,39.4
-34.001,18.6114,1137.3,39.3
-34.0011,18.6115,1141.4,39.8
-34.0012,18.6115,1146.4,39.8
-34.0013,18.6115,1151.3,40
-34.0014,18.6115,1155.5,40
-34.0015,18.6115,1161.6,40
-34.0016,18.6115,1166.9,40
-34.0018,18.6115,1171.4,39.7
-34.0019,18.6116,1176.2,39
-34.002,18.6116,1180.7,38
-34.0021,18.6116,1186.1,37.2
-34.0022,18.6117,1191.1,37.9
-34.0024,18.6116,1195.2,38.3
-34.0025,18.6116,1198.9,38.3
-34.0026,18.6116,1203,38.9
-34.0027,18.6116,1206.7,38.9
-34.0028,18.6116,1210.6,38.9
-34.0029,18.6117,1215,37.5
-34.003,18.6117,1219,37.7
-34.0032,18.6117,1223.2,38
-34.0033,18.6117,1227.8,40.1
-34.0034,18.6117,1233.1,40.1
-34.0035,18.6117,1237.6,39.6
-34.0036,18.6117,1241.9,38.5
-34.0037,18.6118,1246.6,38.5
-34.0038,18.6118,1252.2,38.3
-34.004,18.6118,1258.3,38.4
-34.0041,18.6118,1263.5,38.4
-34.0042,18.6118,1269.6,38.2
-34.0043,18.6118,1275.1,39.1
-34.0044,18.6118,1280.5,39.1
-34.0045,18.6118,1286.3,38
-34.0046,18.6119,1292.7,37
-34.0048,18.6119,1298.6,37.4
-34.0049,18.6119,1304.7,37.4
-34.0051,18.6119,1310.2,37.3
-34.0052,18.6119,1314.9,38.6
-34.0054,18.6119,1320.8,38.6
-34.0055,18.612,1325.9,38
-34.0056,18.612,1331.5,38.9
-34.0057,18.612,1337.4,38.9
-34.0058,18.612,1342.7,38.5
-34.0059,18.612,1347.4,37.8
-34.006,18.612,1351.7,38.5
-34.0061,18.6121,1356.2,38.5
-34.0062,18.6121,1360.4,37.7
-34.0064,18.6122,1365.2,36.7
-34.0065,18.6122,1370.2,37.6
-34.0066,18.6122,1374.8,37.7
-34.0068,18.6122,1380.2,37.7
-34.0069,18.6122,1386.4,37.7
-34.007,18.6122,1392.2,37.3
-34.0071,18.6122,1396.9,37.4
-34.0072,18.6122,1401.2,37.4
-34.0073,18.6122,1406.2,37.5
-34.0074,18.6123,1411.1,37.5
-34.0075,18.6123,1417.3,37.6
-34.0076,18.6123,1422.3,38.2
-34.0077,18.6123,1426.6,40.1
-34.0078,18.6123,1431.3,40.1
-34.0079,18.6123,1435,38.4
-34.008,18.6123,1438.6,38.4
-34.0081,18.6123,1443.3,37.8
-34.0082,18.6124,1446.9,38.4
-34.0083,18.6124,1451.5,38.4
-34.0084,18.6124,1456,34.3
-34.0085,18.6124,1460.1,34.3
-34.0086,18.6125,1463.8,32.8
-34.0087,18.6125,1467.1,33.3
-34.0088,18.6125,1470.3,35.2
-34.0089,18.6125,1473.4,35.2
-34.009,18.6126,1476.8,35.2
-34.0091,18.6126,1480.1,32.2
-34.0092,18.6126,1484.1,32.2
-34.0093,18.6126,1487.9,24.2
-34.0094,18.6127,1492.2,26.6
-34.0095,18.6127,1496.5,26.6
-34.0097,18.6127,1500.9,33.6
-34.0098,18.6127,1504.4,33.6
-34.0098,18.6127,1508,30.2
-34.0099,18.6128,1511.8,32.2
-34.01,18.6128,1515.5,32.2
-34.0101,18.6128,1519.7,24.2
-34.0102,18.6129,1523.8,31.4
-34.0103,18.6129,1528.8,31.4
-34.0119,18.6134,1597.1,30.6
-34.0119,18.6135,1604.3,34.1
-34.012,18.6135,1612.7,34.1
-34.0121,18.6136,1620.2,33.9
-34.0122,18.6136,1627.5,33.4
-34.0123,18.6137,1633.5,36.5
-34.0125,18.6137,1638.8,36.5
-34.0126,18.6137,1643.8,37
-34.0127,18.6138,1648.3,37
-34.0129,18.6138,1653.4,35.4
-34.013,18.614,1658,35.1
-34.0131,18.614,1662.8,34.2
-34.0132,18.6141,1668.3,35.6
-34.0133,18.6142,1673.5,35.6
-34.0135,18.6143,1678.4,35.6
-34.0136,18.6143,1683.6,38.8
-34.0137,18.6144,1688.9,38.8
-34.0138,18.6144,1694.6,37
-34.0139,18.6145,1699.5,36.9
-34.014,18.6145,1704.7,36.9
-34.0141,18.6146,1709.4,36.1
-34.0142,18.6146,1713.5,36.1
-34.0143,18.6147,1718,35.8
-34.0144,18.6147,1722.9,36.4
-34.0145,18.6148,1727.7,36.4
-34.0146,18.6149,1732.7,35.6
-34.0147,18.615,1736.9,35
-34.0148,18.6151,1741.2,35.7
-34.0149,18.6152,1745.1,35.7
-34.015,18.6152,1749.8,33.7
-34.0151,18.6153,1754.8,34.5
-34.0152,18.6154,1760,35.6
-34.0153,18.6155,1765.6,35.6
-34.0154,18.6156,1771.3,34
-34.0155,18.6156,1776.8,34
-34.0156,18.6157,1781.1,34.3
-34.0157,18.6158,1785.1,34.3
-34.0158,18.6159,1789.6,34.8
-34.0159,18.6159,1793.4,34.8
-34.016,18.616,1797.9,32
-34.0161,18.6161,1801.9,33.8
-34.0162,18.6162,1806.1,33.8
-34.0163,18.6162,1811.7,34.1
-34.0164,18.6163,1817.5,34.7
-34.0165,18.6164,1823.9,34.7
-34.0166,18.6165,1829.9,33.8
-34.0167,18.6166,1835.5,35.2
-34.0168,18.6166,1841,35.2
-34.0169,18.6167,1846.3,34
-34.017,18.6168,1851.5,34
-34.0171,18.6168,1856.6,35.9
-34.0172,18.6169,1862.2,35.9
-34.0172,18.617,1867.7,35.9
-34.0173,18.617,1873.1,34.6
-34.0174,18.6171,1878.3,35.7
-34.0176,18.6171,1883.4,35.7
-34.0177,18.6172,1888.5,37
-34.0177,18.6173,1893.8,37
-34.0178,18.6174,1898.2,35
-34.0179,18.6174,1903.3,34.7
-34.018,18.6175,1907.7,33.5
-34.0181,18.6176,1911.8,33.3
-34.0182,18.6177,1916.3,31.7
-34.0183,18.6177,1920.9,32.7
-34.0184,18.6178,1925.6,34.6
-34.0185,18.6179,1930.5,35.3
-34.0186,18.618,1935.2,35.9
-34.0187,18.618,1940.7,35.9
-34.0187,18.6181,1947.7,34.7
-34.0188,18.6181,1953.6,32.1
-34.0189,18.6182,1958,34.3
-34.0191,18.6183,1961.3,36
-34.0192,18.6183,1965.9,36.2
-34.0193,18.6184,1971.4,36.7
-34.0194,18.6185,1977.5,36.7
-34.0195,18.6186,1983.3,35.9
-34.0196,18.6187,1988.2,35.7
-34.0197,18.6188,1991.9,35.1
-34.0198,18.6189,1996.4,35.1
-34.0198,18.619,2002,35.1
-34.0199,18.6191,2007.3,34.3
-34.02,18.6192,2012.3,34.9
-34.0201,18.6193,2017.7,35.8
-34.0202,18.6193,2022.9,36.3
-34.0203,18.6193,2027.6,36.3
-34.0204,18.6194,2032.3,36.2
-34.0205,18.6194,2037.4,36.2
-34.0205,18.6195,2042.5,35
-34.0206,18.6196,2049.1,34.9
-34.0207,18.6196,2054.5,36.4
-34.0208,18.6197,2062,36.4
-34.0209,18.6198,2068.5,35.8
-34.021,18.6199,2074.5,32.1
-34.0211,18.62,2080.2,33.7
-34.0212,18.6201,2085.6,35
-34.0213,18.6203,2090.4,35
-34.0214,18.6204,2093.9,35
-34.0216,18.6205,2096.8,35
-34.0217,18.6206,2099.7,35
-34.0218,18.6207,2103.1,30.7
-34.0219,18.6208,2107.5,30.7
-34.022,18.6209,2112.4,29.7
-34.0221,18.621,2117.8,24.9
-34.0222,18.6211,2122.8,33.8
-34.0223,18.6212,2127.5,33.8
-34.0224,18.6213,2132,30.2
-34.0225,18.6214,2136.7,31.5
-34.0226,18.6215,2141.4,31.5
-34.0228,18.6216,2146,31.5
-34.0237,18.6224,2196.3,32.9
-34.0238,18.6224,2200.9,34.4
-34.024,18.6225,2207.1,34.4
-34.0241,18.6226,2213.3,18.3
-34.0243,18.6228,2224.4,27.6
-34.0244,18.6229,2229.1,26.8
-34.0244,18.6229,2233.6,28.1
-34.0246,18.623,2237.5,33.4
-34.0247,18.6231,2241.8,33.4
-34.0248,18.6232,2245.9,31.2
-34.0249,18.6233,2250.5,36.4
-34.025,18.6234,2254.9,36.4
-34.0251,18.6235,2259.6,34.7
-34.0252,18.6236,2264.9,34.7
-34.0254,18.6237,2269.4,33.8
-34.0255,18.6238,2275,33.8
-34.0256,18.6239,2280.6,33.3
-34.0257,18.624,2285,33.2
-34.0258,18.6241,2289.4,33
-34.0259,18.6241,2293.9,32.9
-34.0261,18.6242,2298.2,34
-34.0262,18.6243,2302.4,34.9
-34.0263,18.6244,2307.8,34.9
-34.0264,18.6245,2312.8,34.9
-34.0265,18.6246,2317.9,33.9
-34.0266,18.6246,2323.6,32.4
-34.0267,18.6247,2328.6,32
-34.0268,18.6248,2333.7,33.7
-34.0271,18.6249,2343.1,34
-34.0272,18.625,2347.7,34
-34.0273,18.6251,2352.2,33.1
-34.0275,18.6253,2362.9,31.5
-34.0276,18.6254,2368.6,32.5
-34.0278,18.6255,2374.1,32.7
-34.028,18.6256,2385.9,34
-34.0282,18.6258,2397.3,33.1
-34.0283,18.6259,2403.2,33.1
-34.0285,18.626,2409.2,32.8
-34.0286,18.6261,2415.9,33.3
-34.0289,18.6263,2430.2,34.2
-34.029,18.6264,2436.2,33.3
-34.0292,18.6265,2447.3,33.5
-34.0293,18.6266,2452.9,33.5
-34.0294,18.6267,2457.7,32.1
-34.0295,18.6268,2462.2,32.1
-34.0296,18.6269,2466.1,32.4
-34.0297,18.6271,2470.3,33.6
-34.0299,18.6272,2474.5,35.4
-34.03,18.6273,2478.3,35.4
-34.0301,18.6274,2482.1,35.4
-34.0302,18.6275,2485.9,33.6
-34.0303,18.6276,2489.7,32.3
-34.0305,18.6278,2493.4,32.9
-34.0306,18.6279,2497.4,32.9
-34.0307,18.628,2501,33.4
-34.0309,18.6281,2505,33.4
-34.031,18.6282,2509.4,34.1
-34.0311,18.6283,2514,34.1
-34.0313,18.6285,2525,33.5
-34.0314,18.6286,2529.8,32.6
-34.0315,18.6287,2534.7,33.9
-34.0318,18.629,2544.9,34.4
-34.0319,18.6291,2550.1,34.4
-34.0321,18.6293,2558.5,31.7
-34.0322,18.6294,2562.7,32.7
-34.0323,18.6295,2566.7,32.8
-34.0324,18.6296,2570.9,33.8
-34.0326,18.6297,2575,34.2
-34.0327,18.6299,2578.6,34.2
-34.0328,18.63,2582.7,33.6
-34.0328,18.6301,2586.8,33.6
-34.0329,18.6302,2590.9,32.9
-34.033,18.6303,2595.1,32.9
-34.0331,18.6304,2599.3,32.4
-34.0332,18.6306,2603.4,32.5
-34.0334,18.6307,2608.1,32.5
-34.0335,18.6308,2613.4,33.9
-34.0336,18.6309,2618.6,34.8
-34.0337,18.631,2623.3,34.8
-34.0338,18.6311,2628.1,33.9
-34.0339,18.6312,2632.2,33.9
-34.034,18.6313,2637.1,33.1
-34.0341,18.6315,2641.2,32.3
-34.0342,18.6316,2644.5,33
-34.0343,18.6317,2648.2,33
-34.0344,18.6318,2652.8,31.9
-34.0345,18.6319,2658.1,33.2
-34.0346,18.632,2662.9,33.2
-34.0347,18.6321,2667.1,33.2
-34.0348,18.6323,2671,31.9
-34.0349,18.6324,2674.8,31.9
-34.035,18.6326,2678.9,31.3
-34.035,18.6327,2683.8,31.3
-34.0351,18.6328,2689.2,31.4
-34.0352,18.6329,2695.7,32.3
-34.0353,18.6331,2701.6,33.5
-34.0354,18.6332,2706.9,34
-34.0355,18.6334,2711.4,34
-34.0356,18.6335,2715,32.7
-34.0357,18.6337,2718.5,31.5
-34.0358,18.6338,2722.3,32.4
-34.0359,18.634,2726,32.7
-34.036,18.6341,2729.7,32.9
-34.036,18.6343,2733.6,34.9
-34.0361,18.6344,2737.7,34.9
-34.0362,18.6345,2741,33.6
-34.0363,18.6347,2744.8,32.9
-34.0364,18.6348,2749,33.6
-34.0364,18.6349,2754.4,34.4
-34.0365,18.6351,2760.2,35.1
-34.0366,18.6352,2765,35.1
-34.0367,18.6353,2769.9,32.7
-34.0368,18.6355,2774.8,32.5
-34.0368,18.6357,2779,32.9
-34.0369,18.6358,2783.6,32.9
-34.037,18.6359,2788.4,32.2
-34.037,18.636,2793.3,32.2
-34.0371,18.6362,2797.8,32.8
-34.0372,18.6363,2802.3,34.4
-34.0373,18.6364,2807.4,34.6
-34.0373,18.6366,2813.1,34.6
-34.0374,18.6367,2818.3,33.2
-34.0375,18.6368,2822.7,33.1
-34.0375,18.6369,2827.5,32.5
-34.0376,18.6371,2831.3,32.2
-34.0377,18.6373,2834.5,33.2
-34.0378,18.6374,2839.5,33.2
-34.0378,18.6376,2844.1,33
-34.0379,18.6377,2848.4,32.8
-34.0379,18.6378,2852.2,32.4
-34.038,18.638,2855.7,32.7
-34.0381,18.6381,2859.1,33.8
-34.0382,18.6383,2863.2,33.8
-34.0382,18.6384,2866.6,33
-34.0383,18.6386,2870.8,33.1
-34.0384,18.6387,2874.7,33.1
-34.0384,18.6389,2878.7,33
-34.0385,18.639,2881.8,34.5
-34.0386,18.6392,2885.7,34.5
-34.0387,18.6393,2889,34.4
-34.0387,18.6395,2892.8,35.7
-34.0388,18.6396,2896,35.7
-34.0389,18.6398,2899.5,34
-34.0389,18.6399,2903.6,34
-34.039,18.6401,2907.1,34.4
-34.0391,18.6403,2911,34.6
-34.0392,18.6404,2914.9,34.6
-34.0392,18.6406,2919.5,34.2
-34.0393,18.6407,2924.3,34.2
-34.0394,18.6408,2929.4,32.6
-34.0394,18.641,2933.9,33.1
-34.0395,18.6411,2938.4,33.1
-34.0396,18.6413,2943.7,32.2
-34.0396,18.6415,2948.5,32.2
-34.0397,18.6416,2953.1,32.2
-34.0398,18.6418,2957.2,31
-34.0399,18.6419,2960.9,32.4
-34.04,18.642,2965,33.2
-34.04,18.6422,2969.2,33.2
-34.0401,18.6423,2973.2,33.2
-34.0401,18.6425,2977.1,33.2
-34.0402,18.6426,2980.8,31.9
-34.0403,18.6428,2984.4,33.4
-34.0404,18.6429,2988.6,33.4
-34.0404,18.6431,2991.9,34.2
-34.0405,18.6432,2995.1,33.1
-34.0406,18.6433,2997.8,33.1
-34.0406,18.6435,3001,33.9
-34.0407,18.6436,3004.7,34.2
-34.0408,18.6437,3008.9,34.7
-34.0409,18.6439,3012.5,34.7
-34.041,18.644,3015.9,34.2
-34.0411,18.6441,3019.5,34.2
-34.0411,18.6443,3022.8,34.2
-34.0412,18.6444,3025.9,33.8
-34.0413,18.6445,3029.1,33.8
-34.0414,18.6446,3032.2,34.1
-34.0415,18.6448,3035.4,34.1
-34.0416,18.6449,3039.2,34.1
-34.0417,18.645,3042.8,33.5
-34.0418,18.6451,3046.1,33.5
-34.0418,18.6453,3049.8,33.5
-34.0419,18.6455,3053.7,33.2
-34.042,18.6456,3058.2,32.1
-34.0421,18.6458,3061.8,32.1
-34.0422,18.6459,3065.4,30.6
-34.0423,18.646,3069.5,31.8
-34.0424,18.6462,3073.2,31.8
-34.0425,18.6463,3077.2,31.8
-34.0426,18.6465,3080.7,32.4
-34.0426,18.6466,3085.6,32.4
-34.0427,18.6467,3090.3,30.5
-34.0428,18.6469,3094.9,32.8
-34.0429,18.647,3100.1,32.8
-34.043,18.6472,3105.9,32.1
-34.0431,18.6474,3110.9,30.1
-34.0432,18.6475,3115.8,30.1
-34.0433,18.6476,3120,31.4
-34.0434,18.6477,3124.4,32.3
-34.0435,18.6479,3128.5,32.3
-34.0437,18.648,3132.4,32.7
-34.0438,18.6481,3136.2,32.7
-34.0439,18.6483,3140,31.6
-34.044,18.6484,3145,31.3
-34.0441,18.6486,3150.6,30.6
-34.0442,18.6487,3155.5,30.8
-34.0444,18.6489,3159.1,32.5
-34.0445,18.649,3162.7,32.5
-34.0446,18.6492,3165.9,32.1
-34.0447,18.6494,3169,32.7
-34.0448,18.6495,3172.1,32.7
-34.0449,18.6497,3175.1,31.5
-34.045,18.6499,3180.2,30.7
-34.0451,18.65,3184.6,30.7
-34.0452,18.6502,3188.3,30.1
-34.0454,18.6503,3191.6,30.4
-34.0455,18.6504,3195.2,30.4
-34.0456,18.6505,3198.5,30.4
-34.0457,18.6506,3201.5,29.5
-34.0459,18.6508,3205,30.2
-34.046,18.6509,3207.8,30.2
-34.0461,18.6511,3210.8,29.7
-34.0463,18.6512,3213.6,30.9
-34.0464,18.6513,3216.4,31.3
-34.0465,18.6515,3220,31.3
-34.0467,18.6516,3223.8,30.7
-34.0468,18.6517,3227.1,31.1
-34.0469,18.6519,3230.8,31.1
-34.047,18.652,3234.1,30.8
-34.0471,18.6521,3237.4,29.3
-34.0472,18.6523,3240.9,30.5
-34.0473,18.6524,3244.3,30.5
-34.0475,18.6525,3247.2,30
-34.0476,18.6527,3250.5,30
-34.0477,18.6528,3254.2,29.7
-34.0478,18.6529,3257.8,29.7
-34.0479,18.6531,3261.9,29.6
-34.048,18.6532,3266.5,31.3
-34.0481,18.6533,3270,31.3
-34.0482,18.6535,3273.9,30.2
-34.0483,18.6536,3277.1,29.3
-34.0484,18.6538,3280.5,28.5
-34.0485,18.6539,3284.6,29.9
-34.0486,18.6541,3288.7,30.1
-34.0488,18.6542,3293.2,30.1
-34.0489,18.6543,3297.8,30.1
-34.049,18.6545,3302.2,29.4
-34.049,18.6546,3305.8,28.1
-34.0491,18.6547,3310,28.1
-34.0492,18.6548,3313.5,28.1
-34.0493,18.655,3316.6,29.3
-34.0494,18.6551,3320.3,29.8
-34.0496,18.6552,3324.1,30.2
-34.0497,18.6553,3327.5,31.2
-34.0497,18.6555,3331.2,31.2
-34.0498,18.6556,3335,31.1
-34.0499,18.6558,3339.3,29
-34.05,18.6559,3343.3,28.2
-34.0501,18.6561,3346.7,29.2
-34.0502,18.6562,3350.6,30.6
-34.0503,18.6563,3354.9,30.6
-34.0504,18.6565,3360,27.8
-34.0505,18.6566,3364.2,29.1
-34.0506,18.6568,3368.5,29.6
-34.0507,18.6569,3373.5,29.6
-34.0508,18.657,3378.4,29.8
-34.0509,18.6572,3383.3,29.8
-34.051,18.6573,3387.9,29.4
-34.051,18.6575,3392.3,29.4
-34.0511,18.6576,3396.1,29.2
-34.0512,18.6577,3400.1,29.2
-34.0513,18.6579,3403.5,28
-34.0513,18.658,3407.4,28
-34.0514,18.6581,3411.9,27.7
-34.0515,18.6582,3415.9,30.6
-34.0516,18.6583,3420.4,31.6
-34.0517,18.6585,3424.9,31.6
-34.0518,18.6586,3428.2,29.8
-34.0519,18.6588,3432.1,29
-34.052,18.6589,3435.8,29.8
-34.052,18.659,3439.6,29.8
-34.0521,18.6591,3443,28.6
-34.0522,18.6592,3447.1,28
-34.0523,18.6593,3450.3,30.5
-34.0524,18.6595,3453.7,30.5
-34.0524,18.6596,3456.8,30
-34.0525,18.6597,3460.9,29.2
-34.0526,18.6598,3464.2,29.5
-34.0527,18.66,3467.6,29.5
-34.0528,18.6601,3470.7,29.9
-34.0528,18.6602,3474,29.9
-34.0529,18.6604,3477.6,29.2
-34.053,18.6605,3481.2,29.2
-34.0531,18.6607,3488.2,30
-34.0532,18.6608,3491.8,31.2
-34.0533,18.661,3495.2,31.2
-34.0534,18.6611,3498.6,30.7
-34.0535,18.6612,3501.9,31.5
-34.0535,18.6614,3505.3,31.5
-34.0536,18.6615,3508.9,31.2
-34.0537,18.6616,3512.4,31.1
-34.0538,18.6618,3515.8,30.2
-34.0538,18.6619,3519.4,30.2
-34.0539,18.6621,3522.6,30.2
-34.054,18.6622,3525.9,30.9
-34.0541,18.6623,3529.3,30.9
-34.0542,18.6625,3532.8,30.1
-34.0542,18.6626,3536.4,30.1
-34.0543,18.6627,3539.9,29.9
-34.0544,18.6629,3544,29.9
-34.0545,18.663,3548.4,28.3
-34.0546,18.6632,3552.5,26.3
-34.0546,18.6633,3555.9,28.2
-34.0547,18.6634,3559.9,28.2
-34.0548,18.6636,3564.5,29.9
-34.0549,18.6637,3569.6,29.9
-34.055,18.6638,3573.9,27.9
-34.0551,18.664,3577.2,27.9
-34.0552,18.6642,3581,25
-34.0553,18.6643,3584.7,25.6
-34.0554,18.6645,3588.4,25.9
-34.0555,18.6646,3592.3,26.4
-34.0555,18.6647,3595.9,26.4
-34.0556,18.6649,3599.1,25.5
-34.0558,18.6652,3606.8,27.4
-34.058,18.6693,3714.6,32.3
-34.0581,18.6695,3719.3,32.3
-34.0583,18.6698,3729.3,32.7
-34.0585,18.67,3734.6,32.7
-34.0586,18.6702,3739.7,30.9
-34.0588,18.6706,3746.5,31.5
-34.0589,18.6708,3750.6,30.4
-34.0591,18.6712,3758.3,31.3
-34.0592,18.6714,3761.9,28.9
-34.0593,18.6716,3765.1,28.9
-34.0595,18.6719,3773.5,23.3
-34.0596,18.672,3777.3,29.8
-34.0598,18.6724,3784.9,26.1
-34.0599,18.6726,3788.1,27.2
-34.0601,18.6728,3791.7,27.2
-34.0602,18.673,3795.8,24.9
-34.0603,18.6732,3799.8,26.6
-34.0604,18.6733,3804.8,26.7
-34.0605,18.6735,3809.3,26.7
-34.0606,18.6737,3813.4,27.2
-34.0607,18.6739,3817.6,27.2
-34.0609,18.674,3821.6,27.7
-34.061,18.6742,3825.8,27.7
-34.0611,18.6744,3830.5,27.7
-34.0612,18.6746,3835.6,27
-34.0614,18.6747,3840,26.9
-34.0615,18.6749,3844.7,26.6
-34.0616,18.6751,3849.1,25.4
-34.0617,18.6753,3853.9,24.5
-34.0618,18.6754,3858.4,24.5
-34.062,18.6756,3862.3,24
-34.0621,18.6758,3866.9,21.9
-34.0622,18.676,3871.9,24.3
-34.0623,18.6762,3877.3,24.3
-34.0624,18.6763,3883.4,25.9
-34.0626,18.6765,3889.6,25.9
-34.0627,18.6766,3896.1,23
-34.0628,18.6768,3903,24.3
-34.063,18.677,3908.9,25.5
-34.0631,18.6771,3914.1,25.5
-34.0634,18.6775,3925.8,24.1
-34.0641,18.6783,3953.9,30.6
-34.0642,18.6785,3958.4,30.6
-34.0643,18.6786,3963.3,28.5
-34.0644,18.6788,3968.2,26.2
-34.0646,18.6789,3973.3,25.7
-34.0648,18.6791,3977.3,29.1
-34.0649,18.6793,3980.5,29.1
-34.0651,18.6794,3984.3,29
-34.0652,18.6795,3988.3,28.3
-34.0654,18.6797,3993.4,28.3
-34.0655,18.6798,3999.7,28.7
-34.0657,18.68,4006.1,29.5
-34.0658,18.6801,4012,29.5
-34.066,18.6803,4017,29.1
-34.0661,18.6805,4021.7,29.1
-34.0662,18.6807,4026.6,28.3
-34.0664,18.6808,4030.9,27.5
-34.0665,18.681,4034.8,27.7
-34.0667,18.6812,4038.9,29.1
-34.0668,18.6814,4043.5,29.1
-34.067,18.6816,4048.3,28.5
-34.0671,18.6818,4053.4,28.7
-34.0673,18.6819,4058.2,29
-34.0674,18.6821,4063.1,29
-34.0676,18.6822,4068.8,28.4
-34.0677,18.6824,4074.6,28.2
-34.0679,18.6826,4080.3,28.2
-34.0681,18.6828,4085.4,26.4
-34.0682,18.683,4089.5,26.4
-34.0684,18.6831,4093.4,27.6
-34.0686,18.6833,4097.5,28.5
-34.0687,18.6835,4102,28.5
-34.0689,18.6836,4107.2,28.5
-34.0691,18.6838,4112.2,27.3
-34.0692,18.684,4116.6,27.4
-34.0694,18.6841,4120.8,27.4
-34.0696,18.6843,4125.2,26.2
-34.0698,18.6844,4129.9,26.4
-34.07,18.6846,4134.4,27.4
-34.0701,18.6847,4138.9,28.9
-34.0703,18.6849,4142.8,28.5
-34.0705,18.685,4147.4,28.5
-34.0706,18.6851,4151.7,28.1
-34.0708,18.6853,4155.4,28.2
-34.071,18.6854,4159.5,28
-34.0712,18.6856,4163.6,29
-34.0714,18.6858,4167.8,29
-34.0715,18.6859,4170.9,28.3
-34.0717,18.6861,4174.4,27.9
-34.0718,18.6863,4178.3,27.5
-34.072,18.6864,4181.6,25.2
-34.0722,18.6865,4184.9,27.7
-34.0724,18.6866,4188.3,27.7
-34.0726,18.6868,4192.1,26.8
-34.0727,18.6869,4195.2,26.5
-34.0729,18.6871,4198.3,28.3
-34.0731,18.6872,4201.9,28.3
-34.0733,18.6874,4205.1,28
-34.0734,18.6875,4208.8,28
-34.0736,18.6876,4213.2,27.9
-34.0738,18.6878,4217.4,27.4
-34.074,18.688,4221.8,27.4
-34.0741,18.6881,4226.9,27.9
-34.0743,18.6882,4232.3,28.3
-34.0745,18.6884,4237.5,28.7
-34.0746,18.6885,4243,28.7
-34.0748,18.6886,4247.7,27.7
-34.075,18.6888,4253.3,28.1
-34.0751,18.6889,4258.2,28.3
-34.0753,18.6891,4263.7,28.3
-34.0754,18.6892,4270,27.4
-34.0756,18.6893,4275.8,28.7
-34.0758,18.6894,4281.5,28.7
-34.0759,18.6896,4287,28.5
-34.0761,18.6897,4292.5,28.5
-34.0762,18.6899,4296.7,29.1
-34.0764,18.6901,4300.9,29.1
-34.0766,18.6902,4305.5,29
-34.0767,18.6904,4310.5,27.2
-34.0769,18.6905,4315.8,28.1
-34.0771,18.6907,4320.5,28.1
-34.0773,18.6908,4324.8,28
-34.0774,18.691,4329.8,27.8
-34.0775,18.6911,4335.1,27.8
-34.0777,18.6912,4340.3,26.1
-34.0779,18.6914,4345.6,25.4
-34.078,18.6915,4351,28.4
-34.0782,18.6917,4355.7,28.4
-34.0784,18.6918,4360.4,26.9
-34.0786,18.6919,4365.5,28
-34.0788,18.6921,4370,28.7
-34.0789,18.6922,4375,28.7
-34.0791,18.6924,4380.5,28.6
-34.0792,18.6925,4386.2,27.4
-34.0794,18.6927,4390.9,26.2
-34.0796,18.6928,4395.6,25.6
-34.0797,18.693,4400.7,26.3
-34.0799,18.6931,4405.6,27.1
-34.0801,18.6933,4410,27.6
-34.0803,18.6934,4415,27.6
-34.0804,18.6935,4420.9,26.9
-34.0806,18.6937,4426.4,26.5
-34.0808,18.6938,4431.9,26.5
-34.0809,18.694,4436.9,27.3
-34.0811,18.6941,4441.9,26.2
-34.0813,18.6943,4446.6,27.7
-34.0815,18.6944,4451.8,27.7
-34.0816,18.6945,4457.6,27.8
-34.0818,18.6946,4463.4,27.8
-34.082,18.6948,4468.2,25.1
-34.0822,18.6949,4472.7,26.3
-34.0823,18.6951,4477.6,26.7
-34.0825,18.6952,4482.5,26.7
-34.0826,18.6954,4487.4,25
-34.0828,18.6956,4492.4,24.3
-34.083,18.6957,4496.9,26.9
-34.0832,18.6959,4500.8,26.9
-34.0833,18.696,4504.9,26.4
-34.0835,18.6962,4509.6,26.4
-34.0836,18.6963,4514,24.8
-34.0838,18.6965,4517.9,24.8
-34.084,18.6966,4521.1,25.8
-34.0841,18.6967,4524.8,25.8
-34.0843,18.6969,4529.4,25.7
-34.0844,18.697,4534,25.7
-34.0846,18.6971,4538,26.8
-34.0848,18.6973,4542.2,26.8
-34.0849,18.6975,4547,25.4
-34.085,18.6976,4551.5,25.4
-34.0852,18.6978,4556.2,23.9
-34.0854,18.6979,4561.2,24.2
-34.0856,18.698,4567.2,25.3
-34.0857,18.6982,4572.8,25.4
-34.0859,18.6983,4578.5,25.4
-34.0861,18.6985,4585,24.7
-34.0862,18.6987,4591.1,26.3
-34.0864,18.6988,4596.2,26.3
-34.0866,18.699,4602,25.2
-34.0867,18.6992,4607.5,24.3
-34.0869,18.6994,4612.7,24.3
-34.0871,18.6995,4618,25.1
-34.0873,18.6997,4622.8,25.1
-34.0874,18.6998,4627.9,25.4
-34.0876,18.7,4632.5,25.5
-34.0878,18.7001,4637.3,25.5
-34.088,18.7003,4641.8,25.4
-34.0882,18.7005,4646.1,25.4
-34.0883,18.7006,4649.7,26.2
-34.0885,18.7008,4654,26.2
-34.0887,18.7009,4658.6,25.9
-34.0889,18.7011,4663.9,25.9
-34.0891,18.7012,4668.9,24.2
-34.0892,18.7014,4673.2,24.2
-34.0894,18.7016,4677.7,25.8
-34.0896,18.7018,4682,23.7
-34.0898,18.702,4685.5,24
-34.09,18.7022,4689.7,24
-34.0901,18.7024,4694.2,25.4
-34.0903,18.7025,4698.8,25.4
-34.0905,18.7027,4703.3,25
-34.0907,18.7029,4708.4,24.1
-34.0909,18.703,4714,24.9
-34.0911,18.7032,4718.8,24.9
-34.0913,18.7034,4724.6,25.7
-34.0914,18.7035,4730.7,25.8
-34.0916,18.7037,4736,25.8
-34.0918,18.7039,4741.5,25.8
-34.0919,18.7041,4747.5,24.9
-34.0921,18.7043,4754.7,24.4
-34.0923,18.7045,4761.1,23.1
-34.0925,18.7047,4767.5,23.1
-34.0927,18.7049,4773.8,23.5
-34.0929,18.7051,4780.8,24.6
-34.0931,18.7053,4787.3,24.6
-34.0932,18.7054,4793.4,26.1
-34.0934,18.7056,4799.6,26.1
-34.0935,18.7058,4805.8,24.6
-34.0937,18.706,4810.6,23.1
-34.0938,18.7062,4814.5,23.1
-34.094,18.7064,4818.3,22.4
-34.0942,18.7066,4822.9,23.5
-34.0944,18.7068,4827.7,23.5
-34.0945,18.707,4832.4,22.8
-34.0947,18.7072,4837,22.8
-34.0949,18.7074,4841.7,23.2
-34.0951,18.7076,4847.3,23.8
-34.0952,18.7078,4851.8,23.8
-34.0954,18.708,4856.9,21.8
-34.0956,18.7082,4863.2,23.5
-34.0958,18.7084,4868.9,23.5
-34.096,18.7086,4875.3,23.7
-34.0961,18.7088,4880.8,24.3
-34.0963,18.709,4885.6,24.3
-34.0965,18.7092,4891,23.7
-34.0967,18.7094,4897.4,23.7
-34.0969,18.7096,4903,23.1
-34.097,18.7098,4909.1,23.1
-34.0972,18.71,4915.1,23.4
-34.0974,18.7102,4921,23.4
-34.0976,18.7103,4927.7,23.4
-34.0978,18.7105,4932.2,23.7
-34.0979,18.7107,4936.4,23.7
-34.0981,18.7109,4940.4,23.4
-34.0983,18.7111,4945.6,23.5
-34.0985,18.7113,4951.2,24.4
-34.0987,18.7115,4956.4,24.4
-34.0989,18.7117,4961.5,24.4
-34.099,18.7119,4967.4,24.2
-34.0992,18.7121,4972.8,22.9
-34.0994,18.7123,4977,22.9
-34.0996,18.7125,4980.9,23.5
-34.0998,18.7127,4985.3,24.6
-34.1,18.7129,4990.2,24.6
-34.1002,18.7131,4995.3,24
-34.1003,18.7133,5000.7,23.9
-34.1005,18.7135,5006.3,24.1
-34.1007,18.7136,5010.8,24.6
-34.1008,18.7138,5016.3,24.6
-34.101,18.714,5021.1,24.6
-34.1012,18.7142,5026,24.6
-34.1013,18.7144,5031.4,24.9
-34.1015,18.7145,5036.7,24.9
-34.1017,18.7147,5041.7,24.7
-34.1018,18.7149,5046.1,24.7
-34.102,18.7151,5051,24.4
-34.1022,18.7153,5056.6,26.4
-34.1023,18.7154,5062.1,26.4
-34.1025,18.7156,5067.7,26.2
-34.1027,18.7158,5073.1,26.2
-34.103,18.7161,5085.5,25.1
-34.1031,18.7163,5091.7,24.5
-34.1035,18.7166,5102.8,23.7
-34.1036,18.7168,5107.1,25
-34.1038,18.7169,5111.6,25
-34.104,18.7171,5115.9,25.3
-34.1042,18.7173,5120.8,25.3
-34.1044,18.7174,5125.4,25.1
-34.1045,18.7176,5129.2,24.3
-34.1047,18.7177,5133.3,24.8
-34.1049,18.7179,5136.7,24.8
-34.105,18.7181,5140.9,25.1
-34.1052,18.7182,5144.5,25.1
-34.1054,18.7184,5147.9,25.1
-34.1055,18.7186,5151.4,24
-34.1057,18.7188,5155.1,23.8
-34.1059,18.7189,5158.6,24.8
-34.106,18.7191,5162.6,24.8
-34.1062,18.7192,5166.4,25.2
-34.1065,18.7196,5174.2,23.8
-34.1067,18.7197,5178.1,24.4
-34.1068,18.7199,5182.1,24.6
-34.1071,18.7202,5190.3,23.8
-34.1073,18.7204,5195.6,23.8
-34.1076,18.7207,5204.3,23.9
-34.1078,18.7209,5208.7,23.4
-34.1079,18.7211,5212.9,24
-34.1082,18.7214,5222.1,23
-34.1084,18.7216,5227.4,23.9
-34.1085,18.7217,5233.5,23.9
-34.1089,18.722,5245.6,24.6
-34.109,18.7222,5250.1,24.6
-34.1092,18.7224,5255.4,24.5
-34.1095,18.7227,5264.8,23.9
-34.1096,18.7229,5269.2,22.7
-34.1097,18.723,5274.4,22.7
-34.1099,18.7232,5278.3,22.7
-34.11,18.7234,5283.7,23.6
-34.1102,18.7236,5288.4,23.6
-34.1104,18.7237,5292.9,22.9
-34.1105,18.7239,5297.3,22.9
-34.1107,18.7241,5301.2,23
-34.111,18.7244,5309.5,23
-34.1111,18.7246,5313.3,22.8
-34.1114,18.725,5320.8,23.4
-34.1116,18.7251,5324.5,23.2
-34.1118,18.7253,5328.3,22.9
-34.1121,18.7256,5336.1,23.2
-34.1122,18.7258,5340.2,23.2
-34.1124,18.7259,5344.7,22.7
-34.1127,18.7262,5352.5,22.8
-34.1128,18.7264,5356.2,22.8
-34.113,18.7266,5359.9,23
-34.1132,18.7267,5363.4,23.7
-34.1133,18.7269,5367.3,23.7
-34.1135,18.7271,5370.8,22.1
-34.1136,18.7273,5374.8,22.1
-34.1138,18.7275,5378.2,21.8
-34.1139,18.7276,5381.3,23.1
-34.1141,18.7278,5385.1,23.1
-34.1142,18.728,5388.9,21.6
-34.1143,18.7282,5393.1,20.5
-34.1145,18.7283,5397.3,20.5
-34.1147,18.7285,5401.5,21.1
-34.1148,18.7287,5405.7,21.7
-34.115,18.7288,5409.6,21.7
-34.1151,18.729,5412.8,21.7
-34.1153,18.7292,5416.4,21.3
-34.1155,18.7294,5420.5,22.2
-34.1156,18.7296,5424.5,22.2
-34.1157,18.7298,5428.1,21.4
-34.1159,18.7299,5431.4,21.4
-34.1161,18.7301,5434.9,19.9
-34.1162,18.7303,5438.5,21.7
-34.1164,18.7305,5442.1,21.7
-34.1166,18.7307,5446.4,21.7
-34.1167,18.7309,5450.8,21.5
-34.1169,18.731,5455.3,21
-34.1171,18.7312,5459.6,20.3
-34.1172,18.7314,5464.4,20.2
-34.1174,18.7316,5469.2,22.4
-34.1175,18.7318,5474,22.4
-34.1177,18.7319,5479,22.4
-34.1179,18.7321,5483.4,20.7
-34.118,18.7323,5488.6,21.9
-34.1182,18.7325,5494.2,21.9
-34.1184,18.7327,5499.7,21.3
-34.1185,18.7329,5504.9,21.4
-34.1187,18.7331,5509.4,22.9
-34.1188,18.7333,5514.1,22.9
-34.119,18.7335,5519.6,22.3
-34.1191,18.7337,5525,20.9
-34.1193,18.7338,5530.8,20.9
-34.1194,18.734,5536.1,21.5
-34.1196,18.7342,5540.8,21.8
-34.1198,18.7344,5546.4,21.6
-34.1199,18.7346,5551.5,21.6
-34.1201,18.7348,5557.8,21.1
-34.1202,18.735,5563.6,22.3
-34.1204,18.7352,5568.7,22.3
-34.1205,18.7354,5573.1,21.3
-34.1207,18.7356,5577.5,20.9
-34.1208,18.7358,5581.6,21.5
-34.121,18.736,5586.1,21.6
-34.1211,18.7362,5589.9,21.7
-34.1213,18.7363,5593.3,21.7
-34.1214,18.7365,5597.3,21.6
-34.1216,18.7367,5601.2,21.6
-34.1217,18.737,5605.6,21.4
-34.1219,18.7372,5610.2,21.4
-34.1221,18.7374,5614.4,21.4
-34.1222,18.7376,5618.7,20.9
-34.1224,18.7378,5622.8,21.1
-34.1225,18.7379,5628.6,21.1
-34.1227,18.7381,5633.4,21.2
-34.1228,18.7384,5639.4,21.2
-34.123,18.7386,5644.3,20.4
-34.1231,18.7388,5648.6,20.4
-34.1233,18.739,5652.7,20.2
-34.1235,18.7392,5656.5,21
-34.1237,18.7394,5661,21
-34.1238,18.7396,5665,20.9
-34.124,18.7398,5668.6,20.1
-34.1241,18.74,5672.5,18
-34.1243,18.7402,5677.4,18
-34.1245,18.7404,5682.2,16.8
-34.1246,18.7406,5686,17.4
-34.1248,18.7408,5689.4,17.4
-34.1249,18.741,5693.5,17.1
-34.1251,18.7413,5697.2,16.7
-34.1253,18.7415,5701.5,17.2
-34.1254,18.7417,5706.1,17.2
-34.1256,18.7419,5710.5,17.9
-34.1257,18.7421,5715.3,17.9
-34.1259,18.7423,5720.4,17.6
-34.126,18.7425,5725,18.7
-34.1262,18.7427,5730.6,18.7
-34.1264,18.7429,5735.5,18.8
-34.1265,18.7432,5741.3,18.8
-34.1267,18.7434,5748,18.6
-34.1268,18.7436,5754.3,18.2
-34.127,18.7438,5759.8,19.4
-34.1271,18.7441,5765,19.4
-34.1273,18.7443,5769.5,18.6
-34.1275,18.7445,5774.5,18.6
-34.1276,18.7447,5778.6,19.4
-34.1278,18.7449,5784,19.4
-34.128,18.7451,5788.8,20.9
-34.1282,18.7453,5793.9,20.9
-34.1283,18.7455,5799.5,20.9
-34.1285,18.7458,5804.3,20.9
-34.1287,18.746,5809.3,20.1
-34.1288,18.7462,5814.5,22.2
-34.129,18.7464,5818.8,22.2
-34.1292,18.7466,5824.2,23.1
-34.1293,18.7468,5828.7,23.1
-34.1295,18.7471,5833.6,21
-34.1297,18.7473,5839.2,21
-34.1299,18.7475,5844.9,21
-34.13,18.7477,5850.6,20.9
-34.1302,18.7479,5854.5,21.5
-34.1304,18.7481,5859.3,21.5
-34.1306,18.7484,5863.4,21.8
-34.1307,18.7486,5867.6,21.9
-34.1309,18.7488,5872.9,21.9
-34.131,18.749,5876.9,20.4
-34.1312,18.7492,5881.5,20.4
-34.1313,18.7494,5886.6,20.4
-34.1315,18.7497,5892.8,19.5
-34.1317,18.7499,5898.4,20.1
-34.1318,18.7501,5903.7,20.1
-34.132,18.7504,5909.7,20
-34.1322,18.7506,5915.2,19.8
-34.1323,18.7508,5920.3,19.8
-34.1325,18.751,5926.3,19.8
-34.1327,18.7512,5931.3,19
-34.1328,18.7514,5937.1,19.7
-34.133,18.7517,5942,19.3
-34.1332,18.7519,5947,18.9
-34.1334,18.7521,5952.2,20
-34.1336,18.7524,5957.5,20
-34.1338,18.7526,5962.8,19.7
-34.1339,18.7529,5967.4,20.7
-34.1341,18.7531,5972.7,20.7
-34.1343,18.7533,5976,19.9
-34.1344,18.7536,5980.2,18.7
-34.1346,18.7538,5984.8,18.7
-34.1348,18.7541,5988.6,18
-34.135,18.7543,5993.1,18.9
-34.1352,18.7546,5997.3,19.2
-34.1354,18.7548,6000,19.2
-34.1356,18.755,6003.8,18.6
-34.1358,18.7553,6007.2,18.5
-34.1359,18.7555,6010.9,18.5
-34.1361,18.7557,6014.5,17.3
-34.1363,18.756,6018.1,16.5
-34.1365,18.7562,6021.3,16.1
-34.1366,18.7565,6024.6,16
-34.1368,18.7567,6028.3,16.2
-34.137,18.7569,6031.4,16.2
-34.1372,18.7572,6035.5,16.9
-34.1374,18.7574,6039.3,18.1
-34.1376,18.7577,6043.7,18.1
-34.1378,18.7579,6048.7,17.2
-34.138,18.7582,6053.1,17.2
-34.1381,18.7584,6057.9,16.6
-34.1383,18.7587,6062.4,17.2
-34.1385,18.759,6066,18.5
-34.1387,18.7592,6070.3,19.4
-34.1389,18.7595,6074.5,19.5
-34.1391,18.7597,6077.7,19.5
-34.1393,18.7599,6080.8,19.2
-34.1395,18.7602,6084.4,19.2
-34.1396,18.7605,6088.9,18.2
-34.1398,18.7607,6093,20.4
-34.14,18.761,6096.8,20.4
-34.1402,18.7613,6101.8,20.4
-34.1404,18.7615,6106.2,20.3
-34.1406,18.7618,6109.8,19.6
-34.1407,18.7621,6114,19.3
-34.1409,18.7623,6119.6,19.3
-34.1411,18.7626,6125.6,19.3
-34.1413,18.7628,6130.7,20.1
-34.1415,18.7631,6135.7,20.3
-34.1418,18.7634,6139.6,20.4
-34.142,18.7637,6144.4,20.4
-34.1422,18.7639,6148.9,21
-34.1423,18.7642,6152.8,21
-34.1425,18.7644,6156.9,20.4
-34.1427,18.7647,6161.4,18.1
-34.1429,18.765,6165.7,18.1
-34.1431,18.7652,6169,18.4
-34.1433,18.7655,6172.4,18.4
-34.1437,18.7661,6180,18.4
-34.1439,18.7664,6184.6,16.9